-- phpMyAdmin SQL Dump
-- version 4.0.10.14
-- http://www.phpmyadmin.net
--
-- Host: localhost:3306
-- Generation Time: Feb 13, 2017 at 01:54 PM
-- Server version: 5.6.33-79.0
-- PHP Version: 5.4.31

SET SQL_MODE = "NO_AUTO_VALUE_ON_ZERO";
SET time_zone = "+00:00";


/*!40101 SET @OLD_CHARACTER_SET_CLIENT=@@CHARACTER_SET_CLIENT */;
/*!40101 SET @OLD_CHARACTER_SET_RESULTS=@@CHARACTER_SET_RESULTS */;
/*!40101 SET @OLD_COLLATION_CONNECTION=@@COLLATION_CONNECTION */;
/*!40101 SET NAMES utf8 */;

--
-- Database: `u0252526_square`
--

--
-- Dumping data for table `court`
--

INSERT INTO `court` (`id`, `address`, `lat`, `lon`, `name`, `built_up_area`, `creator_id`, `district_city_id`, `type_id`, `approved`, `description`) VALUES
(1, 'Английский пр., 3Б, Санкт-Петербург, Россия, 190121', '59.92723519', '30.28085742', 'ГБОУ СОШ № 235 им. Д.Д. Шостаковича', NULL, 1, 2, 3, 0, ''),
(2, 'пр. Народного Ополчения, дом 135, лит. А', '59.83555900', '30.26040600', 'ГБОУ гимназия № 284', NULL, 1, 6, 3, 1, NULL),
(3, 'г. Колпино, ул. Танкистов, дом 26, лит. А', '59.74520000', '30.56747700', 'ГБОУ СОШ № 476', NULL, 1, 7, 3, 1, NULL),
(4, 'ул. Маршала Тухачевского, дом 29, лит. А', '59.97095200', '30.42488800', 'ГБОУ СОШ № 180', NULL, 1, 5, 3, 1, NULL),
(5, 'Большая Пороховская ул., дом 38, лит. А', '59.95482200', '30.42776200', 'ГБОУ СОШ № 532', NULL, 1, 1, 3, 1, NULL),
(6, 'г. Кронштадт, Тулонская аллея, дом 11', '59.98554800', '29.79874400', 'ГБУ "Кронштадтский оздоровительно-спортивный центр', NULL, 1, 1, 3, 1, NULL),
(7, 'г. Кронштадт, Цитадельское шоссе, дом 2', '59.99308600', '29.75190600', 'ГБОУ СОШ № 424', NULL, 1, 1, 3, 1, NULL),
(8, 'г. Кронштадт, ул. Станюковича, дом 4, лит. А', '60.00883300', '29.72336600', 'ГБОУ СОШ № 418', NULL, 1, 1, 3, 1, NULL),
(9, 'г. Кронштадт, ул. Лебедева, дом 5а, лит. А', '59.98670000', '29.78709300', 'ГБОУ СОШ № 427', NULL, 1, 1, 3, 1, NULL),
(10, 'Красное Село, Кингисеппское шоссе, д. 10, корп. 4,', '59.72051700', '30.07392500', 'ГБОУ СОШ № 382', NULL, 1, 9, 3, 1, NULL),
(11, 'бульвар Новаторов, дом 12, лит. А', '59.84979900', '30.27083600', 'ГБОУ СОШ № 658', NULL, 1, 6, 3, 1, NULL),
(12, 'ул. Маршала Захарова, д. 16, корп. 4, лит. А', '59.86003400', '30.16908300', 'ГБОУ СОШ № 291', NULL, 1, 6, 3, 1, NULL),
(13, 'г. Пушкин, Артиллерийская ул., дом 7/20, лит. А', '59.70748400', '30.41146700', 'ГБОУ СОШ № 695 "Радуга"', NULL, 1, 16, 1, 1, NULL),
(14, 'г. Пушкин, Артиллерийская ул., дом 7/20, лит. А', '59.70748400', '30.41146700', 'ГБОУ СОШ № 695 "Радуга"', NULL, 1, 16, 2, 1, NULL),
(15, 'г. Пушкин, Госпитальная ул., дом 24, лит. А', '59.71753600', '30.41591300', 'ГБОУ школа № 500', NULL, 1, 16, 1, 1, NULL),
(16, 'пос. Шушары, Славянка, Колпинское шоссе, дом 20, к', '59.73345900', '30.46549100', 'ГБОУ СОШ № 511', NULL, 1, 16, 2, 1, NULL),
(17, 'пос. Шушары, Славянка, Колпинское шоссе, дом 20, к', '59.73345900', '30.46549100', 'ГБОУ СОШ № 511', NULL, 1, 16, 1, 1, NULL),
(18, 'Софийский б-р, 9, Пушкин, г. Санкт-Петербург, Россия, 196601', '59.71716628', '30.42320854', 'ГБОУ СОШ № 403', 1800, 1, 16, 1, 0, ''),
(19, 'г. Пушкин, Софийский бульвар, дом 9/1, лит. А', '59.71699315', '30.42297250', 'ГБОУ СОШ № 403', 1800, 1, 16, 2, 0, NULL),
(20, 'Софийский б-р, 9, Пушкин, г. Санкт-Петербург, Россия, 196601', '59.71690659', '30.42281694', 'ГБОУ СОШ № 403', 1800, 1, 16, 3, 0, ''),
(158, 'Большой Казачий пер., уч. 2 (юго-восточнее дома 10, лит. А)', '59.92289410', '30.32725380', 'ГБУ "Центр физической культуры, спорта и здоровья Адмиралтейского района"', 695, 1, 2, 2, 1, NULL),
(159, 'наб. р. Фонтанки, уч. 12 (во дворе дома 150, лит. А)', '59.93428020', '30.33509860', 'ГБУ "Центр физической культуры, спорта и здоровья Адмиралтейского района"', 297, 1, 2, 2, 1, NULL),
(160, 'наб. реки Пряжки, 2, Санкт-Петербург, Россия, 190121', '59.92676191', '30.28051700', 'ГБОУ СОШ № 235 им. Д.Д. Шостаковича', 220, 1, 2, 1, 0, ''),
(161, 'Московский пр., уч. 31 (южнее дома 79, лит. Б)', '59.88552130', '30.32011520', 'ГБУ "Центр физической культуры, спорта и здоровья Адмиралтейского района"', 1089, 1, 2, 2, 1, NULL),
(162, 'Лоцманская ул., уч. 1 (северо-западнее дома 29, лит. Г по Витебской ул.)', '59.91817800', '30.27713680', 'ГБУ "Центр физической культуры, спорта и здоровья Адмиралтейского района"', 326, 1, 2, 2, 1, NULL),
(163, 'Московский пр., уч. 32 (севернее дома 75, лит. А)', '59.88552130', '30.32011520', 'ГБУ "Центр физической культуры, спорта и здоровья Адмиралтейского района"', 660, 1, 2, 2, 1, NULL),
(164, 'Вознесенский пр., дом 38/4, лит. А', '59.92377790', '30.30837540', 'ГБОУ СОШ № 241', 670, 1, 2, 2, 1, NULL),
(165, 'наб. реки Пряжки, дом 4-6, лит. А', '59.92627267', '30.28058137', 'ГБОУ СОШ № 235 им. Д.Д. Шостаковича', 608, 1, 2, 2, 0, ''),
(166, 'ул. Союза Печатников, уч. 7 (северо-восточнее дома 14 по Дровяному пер.)', '59.92322670', '30.28992620', 'ГБУ "Центр физической культуры, спорта и здоровья Адмиралтейского района"', 100, 1, 2, 1, 1, NULL),
(167, 'Рижский пр., уч. 10 (севернее дома 39, лит. А по Курляндской ул.)', '59.91335050', '30.27805330', 'ГБУ "Центр физической культуры, спорта и здоровья Адмиралтейского района"', 497, 1, 2, 1, 1, NULL),
(168, 'наб. р. Фонтанки, уч. 11 (восточнее дома 130, лит. А)', '59.93428020', '30.33509860', 'ГБУ "Центр физической культуры, спорта и здоровья Адмиралтейского района"', 235, 1, 2, 2, 1, NULL),
(169, 'наб. Обводного канала, дом 154а, лит. А', '59.90868500', '30.26849600', 'ГАПОУ "Колледж туризма и гостиничного сервиса"', 264, 1, 2, 1, 0, NULL),
(170, 'ул. Кораблестроителей, дом 18, лит. А', '59.94253100', '30.21056200', 'ГБПОУ "Колледж судостроения и прикладных технологий"', 735, 1, 3, 2, 0, NULL),
(171, 'ул. Жака Дюкло, уч. 1 (юго-восточнее дома 8, корп. 1, лит. А)', '60.01069690', '30.35788630', 'ГБОУ ДОД ДЮСШ "Выборжанин"', 424, 1, 4, 1, 0, NULL),
(172, 'Нежинская ул., уч. 2 (юго-западнее дома 4, лит. А)', '60.00849660', '30.32316190', 'ГБОУ ДОД ДЮСШ "Выборжанин"', 652, 1, 4, 1, 0, NULL),
(173, 'ул. Симонова, уч. 2 (юго-восточнее дома 12/9)', '60.05933910', '30.32519310', 'ГБОУ ДОД ДЮСШ "Выборжанин"', 737, 1, 4, 1, 0, NULL),
(174, 'пос. Парголово, Осиновая Роща, Юкковское шоссе, дом 6, корп. 1, лит. А', '59.93428020', '30.33509860', 'ГБОУ СОШ № 471', 540, 1, 4, 2, 1, NULL),
(175, 'пр. Раевского, дом 18, лит. А', '60.01419900', '30.36182000', 'ГБОУ СОШ № 517', 917, 1, 4, 2, 0, NULL),
(176, 'Брюсовская ул., уч. 1 (севернее дома 17 по пр. Мечникова)', '59.98752720', '30.42016560', 'ГБУ "Центр физической культуры, спорта и здоровья Калининского района"', 997, 1, 5, 2, 0, NULL),
(177, 'ул. Бутлерова, уч. 5 (западнее дома 32, лит. А)', '60.00296700', '30.39785640', 'ГБУ "Центр физической культуры, спорта и здоровья Калининского района"', 1089, 1, 5, 2, 0, NULL),
(178, 'ул. Вавиловых, уч. 4 (юго-восточнее дома 4, корп. 2)', '60.02062150', '30.39045650', 'ГБУ "Центр физической культуры, спорта и здоровья Калининского района"', 238, 1, 5, 1, 0, NULL),
(179, 'ул. Верности, уч. 6 (южнее дома 10, корп. 3, лит. А)', '60.00352830', '30.41482170', 'ГБУ "Центр физической культуры, спорта и здоровья Калининского района"', 1205, 1, 5, 2, 0, NULL),
(180, 'Гражданский пр., уч. 8 (западнее дома 20, лит. А)', '60.02039460', '30.40514590', 'ГБУ "Центр физической культуры, спорта и здоровья Калининского района"', 623, 1, 5, 1, 0, NULL),
(181, 'ул. Демьяна Бедного, уч. 1 (северо-восточнее дома 21, корп. 4 по пр. Культуры)', '60.04160150', '30.38588850', 'ГБУ "Центр физической культуры, спорта и здоровья Калининского района"', 727, 1, 5, 1, 0, NULL),
(182, 'ул. Карпинского, уч. 1 (восточнее дома 27, корп. 2, лит. А)', '60.00860020', '30.42532840', 'ГБУ "Центр физической культуры, спорта и здоровья Калининского района"', 689, 1, 5, 2, 0, NULL),
(183, 'Кондратьевский пр., уч. 5 (восточнее дома 85, корп. 2, лит. А)', '59.97138860', '30.38736920', 'ГБУ "Центр физической культуры, спорта и здоровья Калининского района"', 663, 1, 5, 1, 0, NULL),
(184, 'пр. Культуры, уч. 7 (восточнее дома 15, корп. 6)', '60.04474400', '30.37409820', 'ГБУ "Центр физической культуры, спорта и здоровья Калининского района"', 2455, 1, 5, 2, 0, NULL),
(185, 'Лужская ул., уч. 3 (восточнее дома 10, корп. 2)', '60.02440770', '30.42851060', 'ГБУ "Центр физической культуры, спорта и здоровья Калининского района"', 1897, 1, 5, 2, 0, NULL),
(186, 'пр. Луначарского, уч. 1 (внутриквартальный сквер на пр. Луначарского, дом 86, корп. 2, 3)', '60.03462900', '30.37292260', 'ГБУ "Центр физической культуры, спорта и здоровья Калининского района"', 354, 1, 5, 1, 0, NULL),
(187, 'пр. Металлистов, уч. 1 (юго-восточнее дома 87)', '59.95883660', '30.42244570', 'ГБУ "Центр физической культуры, спорта и здоровья Калининского района"', 1098, 1, 5, 2, 0, NULL),
(188, 'пр. Мечникова, уч. 5 (севернее дома 19, лит. А)', '59.98694510', '30.40893620', 'ГБУ "Центр физической культуры, спорта и здоровья Калининского района"', 704, 1, 5, 1, 0, NULL),
(189, 'Полюстровский пр., уч. 5 (севернее дома 19, корп. 2)', '59.97432290', '30.37712040', 'ГБУ "Центр физической культуры, спорта и здоровья Калининского района"', 1112, 1, 5, 2, 0, NULL),
(190, 'пр. Просвещения, уч. 2 (западнее дома 106, корп. 2, лит. А)', '60.04555580', '30.36971180', 'ГБУ "Центр физической культуры, спорта и здоровья Калининского района"', 601, 1, 5, 2, 0, NULL),
(191, 'Пр. Просвещения 53', '60.04375550', '30.37719150', 'ГБУ "Центр физической культуры, спорта и здоровья Калининского района"', 679, 1, 5, 2, 0, NULL),
(192, 'Северный пр., уч. 5 (северо-западнее дома 63, корп. 4)', '60.02898130', '30.38098760', 'ГБУ "Центр физической культуры, спорта и здоровья Калининского района"', 3038, 1, 5, 2, 0, NULL),
(193, 'ул. Софьи Ковалевской, уч. 1 (севернее дома 12, корп. 1)', '60.01402220', '30.41220830', 'ГБУ "Центр физической культуры, спорта и здоровья Калининского района"', 326, 1, 5, 1, 0, NULL),
(194, 'Суздальский пр., уч. 6 (западнее дома 61, лит. А)', '60.05531350', '30.36672360', 'ГБУ "Центр физической культуры, спорта и здоровья Калининского района"', 1032, 1, 5, 2, 0, NULL),
(195, 'Суздальский пр., уч. 5 (западнее дома 73, корп. 1)', '60.05531350', '30.36672360', 'ГБУ "Центр физической культуры, спорта и здоровья Калининского района"', 1508, 1, 5, 2, 0, NULL),
(196, 'ул. Замшина, д.14 лит.А', '59.97077400', '30.39467500', 'ГБОУ лицей № 126', 3375, 1, 5, 2, 0, NULL),
(197, 'Антоновская ул., дом 16, лит. А', '59.97216900', '30.40898900', 'ГБОУ СОШ № 138', 567, 1, 5, 2, 0, NULL),
(198, 'ул.Демьяна Бедного, 6/2', '60.03721400', '30.37924400', 'ГБОУ СОШ №692', 3737, 1, 5, 2, 0, NULL),
(199, 'ул. Веденеева д. 4', '60.02224500', '30.37228100', 'МО Академическое ', 240, 1, 5, 1, 0, NULL),
(200, 'пр. Народного Ополчения, дом 135, лит. А', '59.83550900', '30.26030600', 'ГБОУ гимназия № 284', 420, 1, 6, 1, 0, NULL),
(201, 'пр. Ветеранов, дом 114, корп. 2, лит. А', '59.83154400', '30.19873800', 'ГБОУ лицей № 378', 463, 1, 6, 1, 0, NULL),
(202, 'бульвар Новаторов, дом 12, лит. А', '59.84977200', '30.27075900', 'ГБОУ СОШ № 658', 420, 1, 6, 1, 0, NULL),
(203, 'ул. Стойкости, дом 28, корп. 2, лит. А', '59.82558100', '30.19870900', 'ГБПОУ "Колледж Водных ресурсов"', 420, 1, 6, 1, 0, NULL),
(204, 'пос. Сапёрный, Лагерное шоссе, дом 11', '59.78420940', '30.65719360', 'ГБУ "Спортивно-оздоровительный комплекс "Ижорец"', 590, 1, 7, 1, 0, NULL),
(205, 'г. Колпино, ул. Танкистов, дом 26, лит. А', '59.74545100', '30.56551900', 'ГБОУ СОШ № 476', 1360, 1, 7, 2, 0, NULL),
(206, 'Ленская ул., дом 1, корп. 2, лит. А', '59.93966200', '30.47963900', 'ГБОУ ДОД ДЮСШ № 2 Красногвардейского района', 2544, 1, 8, 2, 0, NULL),
(207, 'пр. Шаумяна, дом 44, лит. А', '59.92726600', '30.42471900', 'ГБС(К)ОУ С(К)О школа-интернат № 1 им. К.К. Грота', 800, 1, 8, 2, 0, NULL),
(208, 'ул. Маршала Тухачевского, дом 29, лит. А', '59.93428020', '30.33509860', 'ГБОУ СОШ № 180', 2400, 1, 8, 2, 1, NULL),
(209, 'пр. Наставников, дом 11, корп. 2, лит. А', '59.94167000', '30.49261400', 'ГБОУ СОШ № 182', 1326, 1, 8, 1, 0, NULL),
(210, 'Белорусская ул., дом 26, корп. 2, лит. А', '59.94356500', '30.50003300', 'ГБОУ СОШ № 191', 510, 1, 8, 1, 0, NULL),
(211, 'Хасанская ул., дом 4, корп. 2, лит. А', '59.93843500', '30.47941600', 'ГАОУ СОШ № 577', 864, 1, 8, 2, 0, NULL),
(212, 'Хасанская ул., дом 4, корп. 2, лит. А', '59.93843500', '30.47941600', 'ГАОУ СОШ № 577', 160, 1, 8, 1, 1, NULL),
(213, 'г. Кронштадт, Цитадельское шоссе, дом 31, лит. А', '60.00708840', '29.72300690', 'ГБОУ ДОД ДЮСШ Кронштадтского района СПб', 728, 1, 1, 1, 0, NULL),
(214, 'г. Кронштадт, Тулонская аллея, дом 11', '59.98557000', '29.79858500', 'ГБУ "Кронштадтский оздоровительно-спортивный центр"', 420, 1, 1, 1, 0, NULL),
(215, 'г. Кронштадт, ул. Станюковича, дом 4, лит. А', '60.00882000', '29.72325500', 'ГБОУ СОШ № 418', 684, 1, 1, 1, 0, NULL),
(216, 'г. Кронштадт, ул. Станюковича, дом 4, лит. А', '60.00882000', '29.72325500', 'ГБОУ СОШ № 418', 1092, 1, 1, 2, 1, NULL),
(217, 'г. Кронштадт, Цитадельское шоссе, дом 2', '59.99354400', '29.75141900', 'ГБОУ СОШ № 424', 162, 1, 1, 1, 0, NULL),
(218, 'г. Кронштадт, ул. Лебедева, дом 5а, лит. А', '59.98673700', '29.78682700', 'ГБОУ СОШ № 427', 271, 1, 1, 1, 0, NULL),
(219, 'г. Кронштадт, Цитадельское шоссе, севернее дома 43, лит. А', '60.00798180', '29.71914040', 'Местная Администрация г. Кронштадта (МО г. Кронштадт)', 405, 1, 1, 1, 0, NULL),
(220, 'г. Кронштадт, Кронштадтское шоссе  (северо-западнее дома 10, корп. 1, лит. А, квартал 16)', '60.01869040', '29.70195120', 'Местная Администрация г. Кронштадта (МО г. Кронштадт)', 800, 1, 1, 2, 0, NULL),
(221, 'г. Кронштадт, ул.Зосимова, дом 15', '59.99477820', '29.75676540', 'Кронштадтский морской кадетский корпус', 386, 1, 1, 1, 0, NULL),
(222, 'пос. Серово, Лесная ул., дом 9, лит. А', '60.20768450', '29.56779990', 'ГАУ "Дирекция по управлению спортивными сооружениями"', 510, 1, 10, 1, 0, NULL),
(223, 'пос. Белоостров, Дюны, Восточная ул., уч. 1 (юго-восточнее дома 6, лит. А)', '59.93428020', '30.33509860', 'ГБОУ ДОД СДЮСШОР Курортного района СПб им. В. Коренькова', 3354, 1, 10, 2, 1, NULL),
(224, 'г. Зеленогорск, Кавалерийская ул., уч. 1 (восточнее дома 15, лит. А)', '60.19528740', '29.69837470', 'ГБОУ ДОД СДЮСШОР Курортного района СПб', 2623, 1, 10, 2, 0, NULL),
(225, 'г. Зеленогорск, пр. Красных Командиров, дом 19а, лит. А', '60.19685100', '29.69424220', 'ГБОУ ДОД СДЮСШОР Курортного района СПб', 1118, 1, 10, 2, 1, NULL),
(226, 'г. Зеленогорск, пр. Красных Командиров, дом 19а, лит. А', '60.19685100', '29.69424220', 'ГБОУ ДОД СДЮСШОР Курортного района СПб', 364, 1, 10, 1, 0, NULL),
(227, 'парк б/н на ул.Инструментальщиков, дом 15', '59.93428020', '30.33509860', 'информация отсутствует', 1450, 1, 10, 2, 1, NULL),
(228, 'г. Сестрорецк, Приморское шоссе, дом 308, лит. А', '60.09754250', '29.97637430', 'ГБОУ СОШ № 324', 378, 1, 10, 1, 0, NULL),
(229, 'пос. Песочный, Речная ул., дом 24, лит. А', '60.12449900', '30.14658510', 'ГБОУ СОШ № 466', 330, 1, 10, 1, 0, NULL),
(230, 'Курляндская ул., 29литА, Санкт-Петербург, Россия, 190020', '59.91220858', '30.27816795', 'Тестим геолокацию', NULL, 4, 2, 2, 1, NULL);

--
-- Dumping data for table `court_bookmark`
--

INSERT INTO `court_bookmark` (`id`, `user_id`, `court_id`) VALUES
(1, 1, 160),
(2, 1, 162),
(4, 2, 158),
(5, 2, 162),
(6, 2, 160),
(7, 1, 2),
(10, 7, 162),
(11, 1, 158),
(12, 9, 160);

--
-- Dumping data for table `court_likes`
--

INSERT INTO `court_likes` (`id`, `user_id`, `court_id`) VALUES
(1, 1, 160),
(2, 1, 162),
(3, 2, 158),
(4, 2, 162),
(5, 2, 160),
(6, 1, 2),
(8, 7, 162),
(9, 1, 158),
(10, 9, 160);

--
-- Dumping data for table `court_photo`
--

INSERT INTO `court_photo` (`id`, `court_id`, `photo`, `avatar`, `approved`) VALUES
(2, 162, 'court_162-1.jpg', 1, 0),
(3, 160, 'court_160-2.jpg', 1, 0),
(4, 158, 'court_158-1.jpg', 1, 0);

--
-- Dumping data for table `court_type`
--

INSERT INTO `court_type` (`id`, `name`) VALUES
(1, 'Баскетбольная площадка'),
(2, 'Футбольная площадка'),
(3, 'Волейбольная площадка');

--
-- Dumping data for table `district_city`
--

INSERT INTO `district_city` (`id`, `name`, `lat`, `lon`) VALUES
(1, 'Кронштадтский', '60.00794999', '29.73374388'),
(2, 'Адмиралтейский', '59.91669407', '30.29679320'),
(3, 'Василеостровский', '59.94267001', '30.24872801'),
(4, 'Выборгский', '60.08337667', '30.22641204'),
(5, 'Калининский', '59.99009668', '30.38296721'),
(6, 'Кировский', '59.86175082', '30.26074431'),
(7, 'Колпинский', '59.77786942', '30.59651396'),
(8, 'Красногвардейский', '59.96226752', '30.45231841'),
(9, 'Красносельский', '59.82104466', '30.13234160'),
(10, 'Курортный', '60.16614718', '29.86660979'),
(11, 'Московский', '59.82277051', '30.32322905'),
(12, 'Невский', '59.87881190', '30.45781157'),
(13, 'Петроградский', '59.96020517', '30.30280135'),
(14, 'Петродворцовый', '59.88501375', '29.88669417'),
(15, 'Приморский', '60.00486069', '30.23379347'),
(16, 'Пушкинский', '59.71914789', '30.40820143'),
(17, 'Фрунзенский', '59.85907885', '30.39378188'),
(18, 'Центральный', '59.93140480', '30.36013625');

--
-- Dumping data for table `game`
--

INSERT INTO `game` (`id`, `time`, `need_ball`, `sport_type_id`, `court_id`, `creator_id`) VALUES
(1, '2017-02-09 15:50:00', 1, 1, 160, 1),
(2, '2017-02-08 18:15:00', 0, 2, 158, 2),
(3, '2017-02-08 19:45:00', 1, 3, 2, 1),
(7, '2017-02-14 09:00:00', 1, 2, 162, 7),
(8, '2017-02-13 22:00:00', 0, 2, 158, 1);

--
-- Dumping data for table `game_user`
--

INSERT INTO `game_user` (`id`, `game_id`, `user_id`) VALUES
(1, 1, 1),
(2, 1, 2),
(3, 2, 2),
(5, 3, 1),
(8, 1, 3),
(12, 7, 7),
(13, 7, 1),
(14, 8, 1),
(15, 7, 8);


--
-- Dumping data for table `profile`
--

INSERT INTO `profile` (`user_id`, `name`, `public_email`, `picture`, `location`, `website`, `bio`, `timezone`) VALUES
(1, NULL, NULL, '666_1.png', NULL, NULL, NULL, NULL),
(2, NULL, NULL, 'default_avatar.jpg', NULL, NULL, NULL, NULL),
(3, NULL, NULL, 'https://pp.vk.me/c628325/v628325909/19993/vpUChLRl7rE.jpg', NULL, NULL, NULL, NULL),
(4, NULL, NULL, 'default_avatar.jpg', NULL, NULL, NULL, NULL),
(5, NULL, NULL, 'https://pp.vk.me/c837522/v837522947/11c5/X8iJPTDzJZc.jpg', NULL, NULL, NULL, NULL),
(6, NULL, NULL, 'default_avatar.jpg', NULL, NULL, NULL, NULL),
(7, NULL, NULL, 'default_avatar.jpg', NULL, NULL, NULL, NULL),
(8, NULL, NULL, 'user_img_8.jpg', NULL, NULL, NULL, NULL),
(9, NULL, NULL, 'default_avatar.jpg', NULL, NULL, NULL, NULL);

--
-- Dumping data for table `social_account`
--

INSERT INTO `social_account` (`id`, `user_id`, `provider`, `client_id`, `data`, `code`, `created_at`, `email`, `username`) VALUES
(1, 3, 'vkontakte', '82292909', '{"user_id":82292909,"email":"xrigikx007@mail.ru","uid":82292909,"first_name":"Vladimir","last_name":"Ilyin","sex":2,"nickname":"","screen_name":"id82292909","bdate":"18.7.1995","city":0,"country":1,"timezone":3,"photo":"https://pp.vk.me/c628325/v628325909/19993/vpUChLRl7rE.jpg","id":82292909}', NULL, NULL, 'xrigikx007@mail.ru', 'id82292909'),
(2, 5, 'vkontakte', '22250947', '{"user_id":22250947,"email":"golos96@ya.ru","uid":22250947,"first_name":"Николай","last_name":"Андреевич","sex":2,"nickname":"","screen_name":"sofunnyday","bdate":"12.1.1996","city":2,"country":1,"timezone":3,"photo":"https://pp.vk.me/c837522/v837522947/11c5/X8iJPTDzJZc.jpg","id":22250947}', NULL, NULL, 'golos96@ya.ru', 'sofunnyday');

--
-- Dumping data for table `sport_type`
--

INSERT INTO `sport_type` (`id`, `name`) VALUES
(1, 'Баскетбол'),
(2, 'Футбол'),
(3, 'Волейбол');

--
-- Dumping data for table `user`
--

INSERT INTO `user` (`id`, `username`, `email`, `password_hash`, `auth_key`, `confirmed_at`, `unconfirmed_email`, `blocked_at`, `registration_ip`, `created_at`, `updated_at`, `flags`) VALUES
(1, 'serg123', NULL, '$2y$10$.ZMq8zjfl1Zuw1fAK0j32OMjmGpWpWSpRS0pTnDjRPOpetQBZaMWe', 'dZIHqrIvjcJoc9tIYNSVlOTE0mEvCsR4', 1486378524, NULL, NULL, '31.173.242.34', 1486378524, 1486378524, 0),
(2, 'player1', NULL, '$2y$10$vHxg/6JhWHlIDg6eKvrsjurnvS10T/JZdPdkqoFrOzUXr6Qm6LsEO', 'wZptjcWcTycNdo-7coalEh2dt8kO1_aD', 1486380190, NULL, NULL, '31.173.242.34', 1486380190, 1486380190, 0),
(3, 'id82292909', 'xrigikx007@mail.ru', '$2y$10$puVUpJXuF61c8699D9T5IOtiuoG9PyaLNFCdyGYwrcNwRZFAP8jki', 'bD9m6vOfvd1htv7uzkAo5b3Un8RepKMZ', 1486415120, NULL, NULL, '178.71.143.54', 1486415120, 1486415120, 0),
(4, 'admin', NULL, '$2y$10$R/ena7DAK3/nNo2o.Rj9kOhRHw5mrgGyxLS9WQK4Nr/v.nWLUnUvO', 'h-8J_tOecYk8wq1pkPRtyJpaam2yn73l', 1486666635, NULL, NULL, '217.118.78.102', 1486666636, 1486666636, 0),
(5, 'sofunnyday', 'golos96@ya.ru', '$2y$10$mVGPFNG7DOuErGXw4KdNuu0D6fHosM4vDNa7iUj9/zsoYvvuSUOgK', 'FdbescywyP_gCAgWX1aj8QbdQ-TnSKLH', 1486922236, NULL, NULL, '93.185.26.216', 1486922236, 1486922236, 0),
(6, 'asrtem', NULL, '$2y$10$OmG2LZSc7DxMQGARFzyFSeFbrFer3eWv.atgyy2s3ASNZ4tm0YSYC', 'IYtjUvegr3BeGqtoCLCum72UihfJ7-HF', 1486981839, NULL, NULL, '91.225.129.3', 1486981839, 1486981839, 0),
(7, 'artem', NULL, '$2y$10$duQM5jEMFT8n8W1DgUo2VOE0t5IqiE5QUZDgsadtZJSy0vD93J96i', 'LVKOB1VEvzZWAk9luoe8lhnY_n1WGsso', 1486982035, NULL, NULL, '91.225.129.3', 1486982035, 1486982035, 0),
(8, 'kolya', NULL, '$2y$10$fkydxf57b9/oOpgPNUwYCu/izTcvEhXFBzFx.CR.ND05Ffw/UnYq.', 'e7c5ZULmGAltsAKzM7XyZWdSrVN4OBBb', 1486982947, NULL, NULL, '91.225.129.3', 1486982948, 1486982948, 0),
(9, 'serega', NULL, '$2y$10$kvLTUNwwUoff0cTjWh3MAuUQKqIfCDdwUYGy0ZW/x.773q/6xvOky', 'Hux8GWK7WppukaqY_67InlUcLRqU0NIY', 1486983098, NULL, NULL, '91.225.129.3', 1486983098, 1486983098, 0);

/*!40101 SET CHARACTER_SET_CLIENT=@OLD_CHARACTER_SET_CLIENT */;
/*!40101 SET CHARACTER_SET_RESULTS=@OLD_CHARACTER_SET_RESULTS */;
/*!40101 SET COLLATION_CONNECTION=@OLD_COLLATION_CONNECTION */;
